ProductId,Quantity,OrderDate
1,5,2025-08-01T10:00:00Z
2,2,2025-08-02T11:00:00Z
3,1,2025-08-03T12:00:00Z
4,3,2025-08-04T13:00:00Z
5,4,2025-08-05T14:00:00Z
6,2,2025-08-06T15:00:00Z
7,6,2025-08-07T16:00:00Z
8,1,2025-08-08T17:00:00Z
9,2,2025-08-09T18:00:00Z
10,5,2025-08-10T19:00:00Z
11,3,2025-08-11T10:00:00Z
12,2,2025-08-12T11:00:00Z
13,4,2025-08-13T12:00:00Z
14,1,2025-08-14T13:00:00Z
15,2,2025-08-15T14:00:00Z
16,3,2025-08-16T15:00:00Z
17,5,2025-08-17T16:00:00Z
18,2,2025-08-18T17:00:00Z
19,1,2025-08-19T18:00:00Z
20,4,2025-08-20T19:00:00Z
21,2,2025-08-21T10:00:00Z
22,3,2025-08-22T11:00:00Z
23,1,2025-08-23T12:00:00Z
24,5,2025-08-24T13:00:00Z
25,2,2025-08-25T14:00:00Z
26,4,2025-08-26T15:00:00Z
27,3,2025-08-27T16:00:00Z
28,2,2025-08-28T17:00:00Z
29,1,2025-08-29T18:00:00Z
30,5,2025-08-30T19:00:00Z
31,2,2025-08-31T10:00:00Z
32,3,2025-09-01T11:00:00Z
33,1,2025-09-02T12:00:00Z
34,4,2025-09-03T13:00:00Z
35,2,2025-09-04T14:00:00Z
36,3,2025-09-05T15:00:00Z
37,5,2025-09-06T16:00:00Z
38,2,2025-09-07T17:00:00Z
39,1,2025-09-08T18:00:00Z
40,4,2025-09-09T19:00:00Z
41,2,2025-09-10T10:00:00Z
42,3,2025-09-11T11:00:00Z
43,1,2025-09-12T12:00:00Z
44,5,2025-09-13T13:00:00Z
45,2,2025-09-14T14:00:00Z
46,4,2025-09-15T15:00:00Z
47,3,2025-09-16T16:00:00Z
48,2,2025-09-17T17:00:00Z
49,1,2025-09-18T18:00:00Z
50,5,2025-09-19T19:00:00Z
51,2,2025-09-20T10:00:00Z
52,3,2025-09-21T11:00:00Z
53,1,2025-09-22T12:00:00Z
54,4,2025-09-23T13:00:00Z
55,2,2025-09-24T14:00:00Z
56,3,2025-09-25T15:00:00Z
57,5,2025-09-26T16:00:00Z
58,2,2025-09-27T17:00:00Z
59,1,2025-09-28T18:00:00Z
60,4,2025-09-29T19:00:00Z
61,2,2025-09-30T10:00:00Z
62,3,2025-10-01T11:00:00Z
63,1,2025-10-02T12:00:00Z
64,4,2025-10-03T13:00:00Z
65,2,2025-10-04T14:00:00Z
66,3,2025-10-05T15:00:00Z
67,5,2025-10-06T16:00:00Z
68,2,2025-10-07T17:00:00Z
69,1,2025-10-08T18:00:00Z
70,4,2025-10-09T19:00:00Z
71,2,2025-10-10T10:00:00Z
72,3,2025-10-11T11:00:00Z
73,1,2025-10-12T12:00:00Z
74,5,2025-10-13T13:00:00Z
75,2,2025-10-14T14:00:00Z
76,4,2025-10-15T15:00:00Z
77,3,2025-10-16T16:00:00Z
78,2,2025-10-17T17:00:00Z
79,1,2025-10-18T18:00:00Z
80,5,2025-10-19T19:00:00Z
81,2,2025-10-20T10:00:00Z
82,3,2025-10-21T11:00:00Z
83,1,2025-10-22T12:00:00Z
84,4,2025-10-23T13:00:00Z
85,2,2025-10-24T14:00:00Z
86,3,2025-10-25T15:00:00Z
87,5,2025-10-26T16:00:00Z
88,2,2025-10-27T17:00:00Z
89,1,2025-10-28T18:00:00Z
90,4,2025-10-29T19:00:00Z
91,2,2025-10-30T10:00:00Z
92,3,2025-10-31T11:00:00Z
93,1,2025-11-01T12:00:00Z
94,4,2025-11-02T13:00:00Z
95,2,2025-11-03T14:00:00Z
96,3,2025-11-04T15:00:00Z
97,5,2025-11-05T16:00:00Z
98,2,2025-11-06T17:00:00Z
99,1,2025-11-07T18:00:00Z
100,4,2025-11-08T19:00:00Z
